{"cameraMode":{"drawMode":0,"name":"Shaded","section":"Shading Mode"},"sceneLighting":true,"audioPlay":false,"sceneViewState":{"showFog":true,"showMaterialUpdate":true,"showSkybox":true,"showFlares":false,"showImageEffects":false,"showParticleSystems":true},"in2DMode":false,"pivot":{"x":-2.0241787433624269,"y":-2.4968245029449465,"z":7.538763999938965},"rotation":{"x":0.10177984833717346,"y":-0.2453017383813858,"z":0.02633919194340706,"w":0.9638935923576355},"size":4.477786064147949,"orthographic":false}