{"cameraMode":{"drawMode":0,"name":"Shaded","section":"Shading Mode"},"sceneLighting":false,"audioPlay":false,"sceneViewState":{"showFog":true,"showMaterialUpdate":false,"showSkybox":false,"showFlares":false,"showImageEffects":false,"showParticleSystems":true},"in2DMode":false,"pivot":{"x":-3.2435450553894045,"y":1.0626754760742188,"z":1.7973535060882569},"rotation":{"x":-0.007855272851884365,"y":-0.9916192293167114,"z":0.0703182965517044,"w":-0.10871929675340653},"size":3.7523486614227297,"orthographic":false}